-- Lia demo seed (Option A). Idempotent: safe to re-run. NOT wired as a compose
-- service — run manually once after the stack is healthy. Public venue data
-- only: no PII, no secrets. Coordinates are real; geog is a generated column
-- (never inserted). Each event is assigned an institutional organizer user (see
-- the Organizers + "Assign organizers" blocks); a subset get verified profiles
-- so both the verified-badge and plain-name UI states are exercised. The assign
-- step is an UPDATE (not via the events INSERT) so it also backfills DBs seeded
-- before organizers existed. Titles are deliberately distinct from frontend/lib/mock-events.ts
-- so a successful render proves real data, not the mock fallback.

-- ── Venues ──────────────────────────────────────────────────────────────────
INSERT INTO venues (id, name, address, metro, district, lat, lon) VALUES
  ('a0000000-0000-0000-0000-000000000001', 'Музей «Гараж»',               'ул. Крымский Вал, 9, стр. 32',  'Парк культуры',   'ЦАО',  55.728990, 37.601510),
  ('a0000000-0000-0000-0000-000000000002', 'Дом культуры «ГЭС-2»',         'Болотная наб., 15',             'Кропоткинская',   'ЦАО',  55.740280, 37.609540),
  ('a0000000-0000-0000-0000-000000000003', 'Новая Третьяковка',            'ул. Крымский Вал, 10',          'Октябрьская',     'ЦАО',  55.734400, 37.604900),
  ('a0000000-0000-0000-0000-000000000004', 'ГМИИ им. Пушкина',             'ул. Волхонка, 12',              'Кропоткинская',   'ЦАО',  55.744700, 37.605900),
  ('a0000000-0000-0000-0000-000000000005', 'Центр «Зотов»',                'ул. Ходынская, 2, стр. 1',      'Улица 1905 года', 'ЦАО',  55.766600, 37.560400),
  ('a0000000-0000-0000-0000-000000000006', 'Центр «Винзавод»',             '4-й Сыромятнический пер., 1',   'Чкаловская',      'ЦАО',  55.754700, 37.664200),
  ('a0000000-0000-0000-0000-000000000007', 'Электротеатр «Станиславский»', 'ул. Тверская, 23',              'Тверская',        'ЦАО',  55.766100, 37.601900),
  ('a0000000-0000-0000-0000-000000000008', 'Еврейский музей',              'ул. Образцова, 11, стр. 1А',    'Марьина Роща',    'СВАО', 55.792200, 37.604800)
ON CONFLICT (id) DO NOTHING;

-- ── Organizer users ──────────────────────────────────────────────────────────
-- Institutional accounts so every seeded event has a "Ведущий"/organizer. No PII:
-- email left NULL (these never log in; real users arrive via demo-login / JIT).
INSERT INTO users (uuid, name, status) VALUES
  ('c0000000-0000-0000-0000-000000000001', 'Музей «Гараж»',               'active'),
  ('c0000000-0000-0000-0000-000000000002', 'Дом культуры «ГЭС-2»',         'active'),
  ('c0000000-0000-0000-0000-000000000003', 'Новая Третьяковка',            'active'),
  ('c0000000-0000-0000-0000-000000000004', 'ГМИИ им. Пушкина',             'active'),
  ('c0000000-0000-0000-0000-000000000005', 'Центр «Зотов»',                'active'),
  ('c0000000-0000-0000-0000-000000000006', 'Центр «Винзавод»',             'active'),
  ('c0000000-0000-0000-0000-000000000007', 'Электротеатр «Станиславский»', 'active'),
  ('c0000000-0000-0000-0000-000000000008', 'Еврейский музей',              'active')
ON CONFLICT (uuid) DO NOTHING;

-- ── Verified organizer profiles (subset) ─────────────────────────────────────
-- These four get the verified badge; the rest render as a plain organizer name
-- (unverified state). owner_user_id is UNIQUE → one profile per user.
INSERT INTO organizers (owner_user_id, name, verification_status, verified_at) VALUES
  ('c0000000-0000-0000-0000-000000000001', 'Музей «Гараж»',        'verified', '2026-06-21 10:00:00+03'),
  ('c0000000-0000-0000-0000-000000000002', 'Дом культуры «ГЭС-2»',  'verified', '2026-06-21 10:00:00+03'),
  ('c0000000-0000-0000-0000-000000000003', 'Новая Третьяковка',     'verified', '2026-06-21 10:00:00+03'),
  ('c0000000-0000-0000-0000-000000000004', 'ГМИИ им. Пушкина',      'verified', '2026-06-21 10:00:00+03')
ON CONFLICT (owner_user_id) DO NOTHING;

-- ── Events ──────────────────────────────────────────────────────────────────
-- starts_at/published_at are absolute (no now()) so re-runs are deterministic.
INSERT INTO events
  (id, venue_id, title, description, status, format, price_type, price_min, price_max, starts_at, ends_at, published_at) VALUES
  ('b0000000-0000-0000-0000-000000000001', 'a0000000-0000-0000-0000-000000000001',
   'Кураторская экскурсия по новой экспозиции',
   'Прогулка с куратором по главному выставочному залу: ключевые работы и их контекст.',
   'published', 'offline', 'free', NULL, NULL,
   '2026-07-05 18:00:00+03', '2026-07-05 19:30:00+03', '2026-06-21 10:00:00+03'),
  ('b0000000-0000-0000-0000-000000000002', 'a0000000-0000-0000-0000-000000000002',
   'Мастерская керамики: ручная лепка',
   'Практическое занятие для начинающих: основы ручной лепки и работа с глазурью.',
   'published', 'offline', 'paid', 1500, 2500,
   '2026-07-08 12:00:00+03', '2026-07-08 15:00:00+03', '2026-06-21 10:00:00+03'),
  ('b0000000-0000-0000-0000-000000000003', 'a0000000-0000-0000-0000-000000000003',
   'Лекция: русский авангард и его наследие',
   'Обзорная лекция о художниках начала XX века и их влиянии на современное искусство.',
   'published', 'offline', 'free', NULL, NULL,
   '2026-07-10 19:00:00+03', '2026-07-10 20:30:00+03', '2026-06-21 10:00:00+03'),
  ('b0000000-0000-0000-0000-000000000004', 'a0000000-0000-0000-0000-000000000004',
   'Медиация в залах старых мастеров',
   'Совместное медленное рассматривание нескольких картин в сопровождении медиатора.',
   'published', 'offline', 'free', NULL, NULL,
   '2026-07-12 16:00:00+03', '2026-07-12 17:00:00+03', '2026-06-21 10:00:00+03'),
  ('b0000000-0000-0000-0000-000000000005', 'a0000000-0000-0000-0000-000000000005',
   'Выставка: конструктивизм и хлеб',
   'Постоянная экспозиция о конструктивизме; вход по сеансам.',
   'published', 'offline', 'paid', 500, 500,
   '2026-07-03 11:00:00+03', '2026-07-03 21:00:00+03', '2026-06-21 10:00:00+03'),
  ('b0000000-0000-0000-0000-000000000006', 'a0000000-0000-0000-0000-000000000006',
   'Концерт современной академической музыки',
   'Вечер новой музыки: произведения современных композиторов в исполнении ансамбля.',
   'published', 'offline', 'paid', 1200, 2000,
   '2026-07-15 20:00:00+03', '2026-07-15 22:00:00+03', '2026-06-21 10:00:00+03'),
  ('b0000000-0000-0000-0000-000000000007', 'a0000000-0000-0000-0000-000000000007',
   'Спектакль: лабораторная сцена',
   'Экспериментальная постановка молодой режиссёрской группы.',
   'published', 'offline', 'paid', 2000, 3500,
   '2026-07-18 19:30:00+03', '2026-07-18 21:30:00+03', '2026-06-21 10:00:00+03'),
  ('b0000000-0000-0000-0000-000000000008', 'a0000000-0000-0000-0000-000000000008',
   'Кинопоказ с обсуждением',
   'Показ документального фильма и разговор со зрителями после сеанса.',
   'published', 'offline', 'free', NULL, NULL,
   '2026-07-20 18:30:00+03', '2026-07-20 21:00:00+03', '2026-06-21 10:00:00+03'),
  ('b0000000-0000-0000-0000-000000000009', 'a0000000-0000-0000-0000-000000000001',
   'Летний фестиваль медиаискусства',
   'Программа выходного дня: инсталляции, перформансы и встречи с художниками.',
   'published', 'offline', 'free', NULL, NULL,
   '2026-07-25 12:00:00+03', '2026-07-26 22:00:00+03', '2026-06-21 10:00:00+03')
ON CONFLICT (id) DO NOTHING;

-- ── Assign organizers to seeded events ───────────────────────────────────────
-- Done as an UPDATE (not in the INSERT above) so it also backfills DBs that were
-- seeded before this block existed — the events INSERT is ON CONFLICT DO NOTHING
-- and would skip existing rows. Each event maps to its venue's institution.
UPDATE events e
SET organizer_id = m.organizer_id
FROM (VALUES
  ('b0000000-0000-0000-0000-000000000001'::uuid, 'c0000000-0000-0000-0000-000000000001'::uuid),
  ('b0000000-0000-0000-0000-000000000002'::uuid, 'c0000000-0000-0000-0000-000000000002'::uuid),
  ('b0000000-0000-0000-0000-000000000003'::uuid, 'c0000000-0000-0000-0000-000000000003'::uuid),
  ('b0000000-0000-0000-0000-000000000004'::uuid, 'c0000000-0000-0000-0000-000000000004'::uuid),
  ('b0000000-0000-0000-0000-000000000005'::uuid, 'c0000000-0000-0000-0000-000000000005'::uuid),
  ('b0000000-0000-0000-0000-000000000006'::uuid, 'c0000000-0000-0000-0000-000000000006'::uuid),
  ('b0000000-0000-0000-0000-000000000007'::uuid, 'c0000000-0000-0000-0000-000000000007'::uuid),
  ('b0000000-0000-0000-0000-000000000008'::uuid, 'c0000000-0000-0000-0000-000000000008'::uuid),
  ('b0000000-0000-0000-0000-000000000009'::uuid, 'c0000000-0000-0000-0000-000000000001'::uuid)
) AS m(event_id, organizer_id)
WHERE e.id = m.event_id;

-- ── Event ↔ category (resolve category UUID by slug) ─────────────────────────
INSERT INTO event_categories (event_id, category_id)
SELECT e.event_id, c.id
FROM (VALUES
  ('b0000000-0000-0000-0000-000000000001'::uuid, 'mediation'),
  ('b0000000-0000-0000-0000-000000000002'::uuid, 'workshop'),
  ('b0000000-0000-0000-0000-000000000003'::uuid, 'lecture'),
  ('b0000000-0000-0000-0000-000000000004'::uuid, 'mediation'),
  ('b0000000-0000-0000-0000-000000000005'::uuid, 'exhibition'),
  ('b0000000-0000-0000-0000-000000000006'::uuid, 'concert'),
  ('b0000000-0000-0000-0000-000000000007'::uuid, 'performance'),
  ('b0000000-0000-0000-0000-000000000008'::uuid, 'film'),
  ('b0000000-0000-0000-0000-000000000009'::uuid, 'festival')
) AS e(event_id, slug)
JOIN categories c ON c.slug = e.slug
ON CONFLICT DO NOTHING;
